Name,Purpose,Price,Seller,Link
Screws,Mounting and securing 3D printed parts,$2.23,AliExpress,https://www.aliexpress.com/item/1005008314123679.html?spm=a2g0o.cart.0.0.16e738daMmvBdI&mp=1&pdp_npi=6%40dis%21USD%21USD%202.23%21USD%202.17%21%21USD%202.17%21%21%21%402103828617851600233073312e0d3f%2112000044581940836%21ct%21GB%21-1%21%211%210%21&pdp_ext_f=%7B%22cart2PdpParams%22%3A%7B%22pdpBusinessMode%22%3A%22retail%22%7D%7D
Stabilizers,Preventing keycap rattle for larger keys,$10.58,AliExpress,https://www.aliexpress.com/item/4001143514438.html?spm=a2g0o.cart.0.0.16e738daMmvBdI&mp=1&pdp_npi=6%40dis%21USD%21USD%2010.58%21USD%209.80%21%21USD%209.80%21%21%21%402103828617851600233073312e0d3f%2112000033301894110%21ct%21GB%21-1%21%211%210%21
Keycaps,Providing a solid surface to type on,$7.74,AliExpress,https://www.aliexpress.com/item/1005009314900504.html?spm=a2g0o.cart.0.0.16e738daMmvBdI&mp=1&pdp_npi=6%40dis%21USD%21USD%207.74%21USD%207.74%21%21USD%207.74%21%21%21%402103828617851599120458513e0d3f%2112000048718150403%21ct%21GB%21-1%21%211%210%21
Mechanical Swiches,Registering keystrokes and completing a circuit to alert the MCU,$19.67,AliExpress,https://www.aliexpress.com/item/1005012344423067.html?spm=a2g0o.cart.0.0.16e738daMmvBdI&mp=1&pdp_npi=6%40dis%21USD%21USD%2019.67%21USD%2018.50%21%21USD%2018.50%21%21%21%402103828617851600233073312e0d3f%2112000058131373053%21ct%21GB%21-1%21%211%210%21
Rotary Encoder,Providing volume control,$2.75,AliExpress,https://www.aliexpress.com/item/1005005983134515.html?spm=a2g0o.cart.0.0.16e738daMmvBdI&mp=1&pdp_npi=6%40dis%21USD%21USD%202.75%21USD%202.75%21%21USD%202.75%21%21%21%402103828617851600233073312e0d3f%2112000035172713578%21ct%21GB%21-1%21%211%210%21&pdp_ext_f=%7B%22cart2PdpParams%22%3A%7B%22pdpBusinessMode%22%3A%22retail%22%7D%7D
Development Board,Controlling the enitre board and sending signals to the computer,$7.10,AliExpress,https://www.aliexpress.com/item/1005007319706057.html?spm=a2g0o.cart.0.0.16e738daMmvBdI&mp=1&pdp_npi=6%40dis%21USD%21USD%207.10%21USD%206.69%21%21USD%206.69%21%21%21%402103828617851600233073312e0d3f%2112000058208354042%21ct%21GB%21-1%21%211%210%21&pdp_ext_f=%7B%22cart2PdpParams%22%3A%7B%22pdpBusinessMode%22%3A%22retail%22%7D%7D
Hotswap Sockets,Enabling future customizability,$14.77,AliExpress,https://www.aliexpress.com/item/1005008467527706.html?spm=a2g0o.cart.0.0.d37038daXhhulS&mp=1&pdp_npi=6%40dis%21USD%21USD%2014.77%21USD%2014.77%21%21USD%2014.77%21%21%21%400b884c0217861202998693843e0e67%2112000045271033989%21ct%21GB%21-1%21%211%210%21
USBC breakout board,Provding power from the computer and data to the computer,$1.25,AliExpress,https://www.aliexpress.com/item/1005004796961137.html?spm=a2g0o.cart.0.0.16e738daMmvBdI&mp=1&pdp_npi=6%40dis%21USD%21USD%201.25%21USD%201.25%21%21USD%201.25%21%21%21%402103828617851600233073312e0d3f%2112000030535322715%21ct%21GB%21-1%21%211%210%21
Steel rods,Providing structural support,$4.58,AliExpress,https://www.aliexpress.com/item/1005009384686024.html?spm=a2g0o.cart.0.0.16e738daMmvBdI&mp=1&pdp_npi=6%40dis%21USD%21USD%204.58%21USD%204.58%21%21USD%204.58%21%21%21%402103828617851600233073312e0d3f%2112000048997031433%21ct%21GB%21-1%21%211%210%21
Copper Braid,Remove excess solder,$3.16,AliExpress,https://www.aliexpress.com/item/1005006361511422.html?spm=a2g0o.cart.0.0.d37038daXhhulS&mp=1&pdp_npi=6%40dis%21USD%21USD%203.16%21USD%203.16%21%21USD%203.16%21%21%21%400b884c0217861202998693843e0e67%2112000036903988517%21ct%21GB%21-1%21%211%210%21
Heatshrink,Cover soldered wire joints,$0.85,AliExpress,https://www.aliexpress.com/item/1005008538975205.html?spm=a2g0o.cart.0.0.d37038daXhhulS&mp=1&pdp_npi=6%40dis%21USD%21USD%201.00%21USD%200.85%21%21USD%200.85%21%21%21%400b884c0217861202998693843e0e67%2112000045622723973%21ct%21GB%21-1%21%211%210%21
10uF Capcitor,Smooth power intake to the MCU,$1.42,AliExpress,https://www.aliexpress.com/item/1005011924154857.html?spm=a2g0o.cart.0.0.d37038daXhhulS&mp=1&pdp_npi=6%40dis%21USD%21USD%201.42%21USD%200.99%21%21USD%200.99%21%21%21%400b884c0217861202998693843e0e67%2112000057042970268%21ct%21GB%21-1%21%211%210%21
0.1uF Capacitor,Smooth power intake to the MCU,$2.27,AliExpress,https://www.aliexpress.com/item/1005004982415166.html?spm=a2g0o.detail.pcDetailTopMoreOtherSeller.6.5867mjUAmjUAyD&gps-id=pcDetailTopMoreOtherSeller&scm=1007.40050.354490.0&scm_id=1007.40050.354490.0&scm-url=1007.40050.354490.0&pvid=5a97ef35-2ef0-449b-93d4-c08f666a27e1&_t=gps-id%3ApcDetailTopMoreOtherSeller%2Cscm-url%3A1007.40050.354490.0%2Cpvid%3A5a97ef35-2ef0-449b-93d4-c08f666a27e1%2Ctpp_buckets%3A668%232846%238112%231997&pdp_ext_f=%7B%22order%22%3A%22147%22%2C%22eval%22%3A%221%22%2C%22sceneId%22%3A%2230050%22%2C%22fromPage%22%3A%22recommend%22%7D&pdp_npi=6%40dis%21USD%212.27%212.26%21%21%2115.19%2115.12%21%400b0fe08917872442400923107e0d37%2112000031233236257%21rec%21UK%21%21ABX%211%210%21n_tag%3A-29910%3Bd%3A5213ade4%3Bm03_new_user%3A-29895%3BpisId%3A5000000211438706&utparam-url=scene%3ApcDetailTopMoreOtherSeller%7Cquery_from%3A%7Cx_object_id%3A1005004982415166%7C_p_origin_prod%3A
Threaded Inserts,Providing a thread to screw into,$2.30,AliExpress,https://www.aliexpress.com/item/1005008666672949.html?spm=a2g0o.productlist.main.5.24602d7cRvAa4K&algo_pvid=6bd672a2-570e-4202-a909-3a52ef32261f&algo_exp_id=6bd672a2-570e-4202-a909-3a52ef32261f-4&pdp_ext_f=%7B%22order%22%3A%2214153%22%2C%22spu_best_type%22%3A%22price%22%2C%22eval%22%3A%221%22%2C%22fromPage%22%3A%22search%22%7D&pdp_npi=6%40dis%21USD%212.70%211.35%21%21%2118.04%218.99%21%402103828617872446138332557e0dfd%2112000046157335344%21sea%21UK%210%21ABX%211%210%21n_tag%3A-29910%3Bd%3A5213ade4%3Bm03_new_user%3A-29895%3BpisId%3A5000000210377206&curPageLogUid=Rat0uCX0YUx0&utparam-url=scene%3Asearch%7Cquery_from%3A%7Cx_object_id%3A1005008666672949%7C_p_origin_prod%3A
PCB,Connecting all the swiches to the MCU,$28.80,JLCPCB,https://cart.jlcpcb.com/shopcart/cartEdit/?id=c33698ba8980452dbe9859648d54b1e7&type=1&changeType=1&achieveDate=72
3D Printed Parts,Physical housing,$3.00,Printing Legion,-
,,,,
Shipping % Taxes,,$16.47,,
Total,,$128.94,,
